{
  "Logistic Regression": {
    "cv_auc_mean": 0.8772113003688708,
    "cv_auc_std": 0.0056371936118600335,
    "cv_acc_mean": 0.8135711497926621,
    "cv_acc_std": 0.005207796240535059,
    "test_auc": 0.8754852751343645,
    "test_acc": 0.8105011457606854
  },
  "Decision Tree": {
    "cv_auc_mean": 0.9791143594881844,
    "cv_auc_std": 0.0021350005768467806,
    "cv_acc_mean": 0.9799720778024114,
    "cv_acc_std": 0.001758712967854513,
    "test_auc": 0.9803963181401143,
    "test_acc": 0.9809704094849059
  },
  "Random Forest": {
    "cv_auc_mean": 0.9976246601365363,
    "cv_auc_std": 0.0008057711211423175,
    "cv_acc_mean": 0.9878935990533755,
    "cv_acc_std": 0.0012562685650438445,
    "test_auc": 0.9969890786520808,
    "test_acc": 0.9885423931453622
  },
  "PyTorch MLP": {
    "cv_auc_mean": 0.9859774308023219,
    "cv_auc_std": 0.0017646427294372709,
    "cv_acc_mean": 0.9477877677195817,
    "cv_acc_std": 0.0033472212722262407,
    "test_auc": 0.9862298217096997,
    "test_acc": 0.9492876357477333
  },
  "XGBoost": {
    "cv_auc_mean": 0.9980393267595072,
    "cv_auc_std": 0.0004956128920411209,
    "cv_acc_mean": 0.9870965071812788,
    "cv_acc_std": 0.00202272539208411,
    "test_auc": 0.9975921141029249,
    "test_acc": 0.987147554050015
  },
  "LightGBM": {
    "cv_auc_mean": 0.9976485378830379,
    "cv_auc_std": 0.0005150837574267482,
    "cv_acc_mean": 0.9837584580990196,
    "cv_acc_std": 0.0020262060435587287,
    "test_auc": 0.9969082367955314,
    "test_acc": 0.9840589817674604
  },
  "CatBoost": {
    "cv_auc_mean": 0.9970760314994573,
    "cv_auc_std": 0.0005967710427663772,
    "cv_acc_mean": 0.9838581217296127,
    "cv_acc_std": 0.0016701100448189622,
    "test_auc": 0.9968237295651334,
    "test_acc": 0.9843578758593206
  }
}